id;postal_code;street_address;city;province
1;Secure;the program Ghana;West Hopefort;Soft Colombia
2;instal;Chief;Lake Jovanburgh;Gold harness
3;neural;e-commerce Reverse-engineered Directives;South Douglasfort;Outdoors
4;pinkXX;SCSIX;East Connermouth;Fuerte Sports
5;17(E.U;analyzer;St. Louis;extend help-desk Cambridgeshire
6;Exclus;compelling Beauty;Easterton;Principal mobile
7;infome;Missouri JBOD;Roelchester;Jewelery Bacon
8;Licens;connect Toys Assurance;East Colemanland;blockchains
9;Refine;digital withdrawal;McGlynnbury;IB
10;ParksX;utilisation Gardens;Warner Robins;Bhutanese extensible
