id;title;description;attach
1;withdrawal Avon rich;payment matrices payment;../fake-data/blob/hipster.txt
2;blockchains;Baby bifurcated;../fake-data/blob/hipster.txt
3;responsive Architect Stream;PNG Usability Quality;../fake-data/blob/hipster.txt
4;Licensed Officer;synthesizing;../fake-data/blob/hipster.txt
5;optical Squares optical;Shilling Movies;../fake-data/blob/hipster.txt
6;Tasty Handmade Orchestrator;Intelligent programming;../fake-data/blob/hipster.txt
7;ADP Executive invoice;navigate Valley Chips;../fake-data/blob/hipster.txt
8;Account;THX Rustic;../fake-data/blob/hipster.txt
9;Florida;mission-critical copying;../fake-data/blob/hipster.txt
10;Connecticut;Infrastructure payment Vision-oriented;../fake-data/blob/hipster.txt
